09-Mar-2021 13:56:43,350,0


09-Mar-2021 13:56:43,350,0


09-Mar-2021 13:56:44,350,0


09-Mar-2021 13:56:44,350,0


09-Mar-2021 13:56:45,350,0


09-Mar-2021 13:56:45,350,0


09-Mar-2021 13:56:45,350,0


09-Mar-2021 13:56:46,350,0


09-Mar-2021 13:56:46,350,0


09-Mar-2021 13:56:47,350,0


09-Mar-2021 13:56:47,350,0


09-Mar-2021 13:56:47,350,0


09-Mar-2021 13:56:48,350,0


09-Mar-2021 13:56:48,350,0


09-Mar-2021 13:56:49,350,0


09-Mar-2021 13:56:49,350,0


09-Mar-2021 13:56:49,350,0


09-Mar-2021 13:56:50,350,0


09-Mar-2021 13:56:50,350,0


09-Mar-2021 13:56:51,350,0


09-Mar-2021 13:56:51,350,0


09-Mar-2021 13:56:51,350,0


09-Mar-2021 13:56:52,350,0


09-Mar-2021 13:56:52,350,0


09-Mar-2021 13:56:53,350,0


09-Mar-2021 13:56:53,350,0


09-Mar-2021 13:56:53,350,0


09-Mar-2021 13:56:54,350,0


09-Mar-2021 13:56:54,350,0


09-Mar-2021 13:56:55,350,0


09-Mar-2021 13:56:55,350,0


09-Mar-2021 13:56:55,350,0


09-Mar-2021 13:56:56,350,0


09-Mar-2021 13:56:56,350,0


09-Mar-2021 13:56:57,350,0


09-Mar-2021 13:56:57,350,0


09-Mar-2021 13:56:57,350,0


09-Mar-2021 13:56:58,350,0


09-Mar-2021 13:56:58,350,0


09-Mar-2021 13:56:59,350,0


09-Mar-2021 13:56:59,350,0


09-Mar-2021 13:56:59,350,0


09-Mar-2021 13:57:00,350,0


09-Mar-2021 13:57:00,350,0


09-Mar-2021 13:57:01,350,0


09-Mar-2021 13:57:01,350,0


09-Mar-2021 13:57:01,350,0


09-Mar-2021 13:57:02,350,0


09-Mar-2021 13:57:02,350,0


09-Mar-2021 13:57:03,350,0


09-Mar-2021 13:57:03,350,0


09-Mar-2021 13:57:03,350,0


09-Mar-2021 13:57:04,350,0


09-Mar-2021 13:57:04,350,0


09-Mar-2021 13:57:05,350,0


09-Mar-2021 13:57:05,350,0


09-Mar-2021 13:57:05,350,0


09-Mar-2021 13:57:06,350,0


09-Mar-2021 13:57:06,350,0


09-Mar-2021 13:57:07,350,0


09-Mar-2021 13:57:07,350,0


09-Mar-2021 13:57:07,350,0


09-Mar-2021 13:57:08,350,0


09-Mar-2021 13:57:08,350,0


09-Mar-2021 13:57:09,350,0


09-Mar-2021 13:57:09,350,0


09-Mar-2021 13:57:09,350,0


09-Mar-2021 13:57:10,350,0


09-Mar-2021 13:57:10,350,0


