09-03-2021 15:22,350,0
09-03-2021 15:22,350,0
09-03-2021 15:22,350,0
09-03-2021 15:22,350,0
09-03-2021 15:22,350,0
09-03-2021 15:22,350,0
09-03-2021 15:22,350,0
09-03-2021 15:22,350,0
09-03-2021 15:22,350,0
09-03-2021 15:22,350,0
09-03-2021 15:22,350,0
09-03-2021 15:22,350,0
09-03-2021 15:22,350,0
09-03-2021 15:22,350,0
09-03-2021 15:23,350,0
09-03-2021 15:23,350,0
09-03-2021 15:23,350,0
09-03-2021 15:23,350,0
09-03-2021 15:23,350,0
09-03-2021 15:23,350,0
09-03-2021 15:23,350,0
09-03-2021 15:23,350,0
09-03-2021 15:23,350,0
09-03-2021 15:23,350,0
09-03-2021 15:23,350,0
09-03-2021 15:23,350,0
09-03-2021 15:23,350,0
09-03-2021 15:23,350,0
09-03-2021 15:23,350,0
09-03-2021 15:23,350,0
09-03-2021 15:23,350,0
09-03-2021 15:23,350,0
09-03-2021 15:23,350,0
09-03-2021 15:23,350,0
09-03-2021 15:23,350,0
09-03-2021 15:23,350,0
09-03-2021 15:23,350,0
09-03-2021 15:23,350,0
09-03-2021 15:23,350,0
09-03-2021 15:23,350,0
09-03-2021 15:23,350,0
09-03-2021 15:23,350,0
09-03-2021 15:23,350,0
09-03-2021 15:23,350,0
09-03-2021 15:24,350,0
09-03-2021 15:24,350,0
09-03-2021 15:24,350,0
09-03-2021 15:24,350,0
09-03-2021 15:24,350,0
09-03-2021 15:24,350,0
09-03-2021 15:24,350,0
09-03-2021 15:24,350,0
09-03-2021 15:24,350,0
09-03-2021 15:24,350,0
09-03-2021 15:24,350,0
09-03-2021 15:24,350,0
09-03-2021 15:24,350,0
09-03-2021 15:24,350,0
09-03-2021 15:24,350,0
09-03-2021 15:24,350,0
09-03-2021 15:24,350,0
09-03-2021 15:24,350,0
09-03-2021 15:24,350,0
09-03-2021 15:24,350,0
09-03-2021 15:24,350,0
09-03-2021 15:24,350,0
09-03-2021 15:24,350,0
09-03-2021 15:24,350,0
09-03-2021 15:24,350,0
09-03-2021 15:24,350,0
09-03-2021 15:24,350,0
09-03-2021 15:24,350,0
09-03-2021 15:24,350,0
09-03-2021 15:24,350,0
09-03-2021 15:25,350,0
09-03-2021 15:25,350,0
09-03-2021 15:25,350,0
09-03-2021 15:25,350,0
09-03-2021 15:25,350,0
09-03-2021 15:25,350,0
09-03-2021 15:25,350,0
09-03-2021 15:25,350,0
09-03-2021 15:25,350,0
09-03-2021 15:25,350,0
09-03-2021 15:25,350,0
09-03-2021 15:25,350,0
09-03-2021 15:25,350,0
09-03-2021 15:25,350,0
09-03-2021 15:25,350,0
09-03-2021 15:25,350,0
09-03-2021 15:25,350,0
09-03-2021 15:25,350,0
09-03-2021 15:25,350,0
09-03-2021 15:25,350,0
09-03-2021 15:25,350,0
09-03-2021 15:25,350,0
09-03-2021 15:25,350,0
09-03-2021 15:25,350,0
09-03-2021 15:25,350,0
09-03-2021 15:25,350,0
09-03-2021 15:25,350,0
09-03-2021 15:25,350,0
09-03-2021 15:25,350,0
09-03-2021 15:25,350,0
09-03-2021 15:26,350,0
09-03-2021 15:26,350,0
09-03-2021 15:26,350,0
09-03-2021 15:26,350,0
09-03-2021 15:26,350,0
09-03-2021 15:26,350,0
09-03-2021 15:26,350,0
09-03-2021 15:26,350,0
09-03-2021 15:26,350,0
09-03-2021 15:26,350,0
09-03-2021 15:26,350,0
09-03-2021 15:26,350,0
09-03-2021 15:26,350,0
09-03-2021 15:26,350,0
09-03-2021 15:26,350,0
09-03-2021 15:26,350,0
09-03-2021 15:26,350,0
09-03-2021 15:26,350,0
09-03-2021 15:26,350,0
09-03-2021 15:26,350,0
09-03-2021 15:26,350,0
09-03-2021 15:26,350,0
09-03-2021 15:26,350,0
09-03-2021 15:26,350,0
09-03-2021 15:26,350,0
09-03-2021 15:26,350,0
09-03-2021 15:26,350,0
09-03-2021 15:26,350,0
09-03-2021 15:26,350,0
09-03-2021 15:26,350,0
09-03-2021 15:27,350,0
09-03-2021 15:27,350,0
09-03-2021 15:27,350,0
09-03-2021 15:27,350,0
09-03-2021 15:27,350,0
09-03-2021 15:27,350,0
09-03-2021 15:27,350,0
09-03-2021 15:27,350,0
09-03-2021 15:27,350,0
09-03-2021 15:27,350,0
09-03-2021 15:27,350,0
09-03-2021 15:27,350,0
09-03-2021 15:27,350,0
09-03-2021 15:27,350,0
09-03-2021 15:27,350,0
09-03-2021 15:27,350,0
09-03-2021 15:27,350,0
09-03-2021 15:27,350,0
09-03-2021 15:27,350,0
09-03-2021 15:27,350,0
09-03-2021 15:27,350,0
09-03-2021 15:27,350,0
09-03-2021 15:27,350,0
09-03-2021 15:27,350,0
09-03-2021 15:27,350,0
09-03-2021 15:27,350,0
09-03-2021 15:27,350,0
09-03-2021 15:27,350,0
09-03-2021 15:27,350,0
09-03-2021 15:27,350,0
09-03-2021 15:27,350,0
09-03-2021 15:28,350,0
09-03-2021 15:28,350,0
09-03-2021 15:28,350,0
09-03-2021 15:28,350,0
09-03-2021 15:28,350,0
09-03-2021 15:28,350,0
09-03-2021 15:28,350,0
09-03-2021 15:28,350,0
09-03-2021 15:28,350,0
09-03-2021 15:28,350,0
09-03-2021 15:28,350,0
09-03-2021 15:28,350,0
09-03-2021 15:28,350,0
09-03-2021 15:28,350,0
09-03-2021 15:28,350,0
09-03-2021 15:28,350,0
09-03-2021 15:28,350,0
09-03-2021 15:28,350,0
09-03-2021 15:28,350,0
09-03-2021 15:28,350,0
09-03-2021 15:28,350,0
09-03-2021 15:28,350,0
09-03-2021 15:28,350,0
09-03-2021 15:28,350,0
09-03-2021 15:28,350,0
09-03-2021 15:28,350,0
09-03-2021 15:28,350,0
09-03-2021 15:28,350,0
09-03-2021 15:28,350,0
09-03-2021 15:28,350,0
09-03-2021 15:29,350,0
09-03-2021 15:29,350,0
09-03-2021 15:29,350,0
09-03-2021 15:29,350,0
09-03-2021 15:29,350,0
09-03-2021 15:29,350,0
09-03-2021 15:29,350,0
09-03-2021 15:29,350,0
09-03-2021 15:29,350,0
09-03-2021 15:29,350,0
09-03-2021 15:29,350,0
09-03-2021 15:29,350,0
09-03-2021 15:29,350,0
09-03-2021 15:29,350,0
09-03-2021 15:29,350,0
09-03-2021 15:29,350,0
09-03-2021 15:29,350,0
09-03-2021 15:29,350,0
09-03-2021 15:29,350,0
09-03-2021 15:29,350,0
09-03-2021 15:29,350,0
09-03-2021 15:29,350,0
09-03-2021 15:29,350,0
09-03-2021 15:29,350,0
09-03-2021 15:29,350,0
09-03-2021 15:29,350,0
09-03-2021 15:29,350,0
09-03-2021 15:29,350,0
09-03-2021 15:29,350,0
09-03-2021 15:29,350,0
09-03-2021 15:30,350,0
09-03-2021 15:30,350,0
09-03-2021 15:30,350,0
09-03-2021 15:30,350,0
09-03-2021 15:30,350,0
09-03-2021 15:30,350,0
09-03-2021 15:30,350,0
09-03-2021 15:30,350,0
09-03-2021 15:30,350,0
09-03-2021 15:30,350,0
09-03-2021 15:30,350,0
09-03-2021 15:30,350,0
09-03-2021 15:30,350,0
09-03-2021 15:30,350,0
09-03-2021 15:30,350,0
09-03-2021 15:30,350,0
09-03-2021 15:30,350,0
09-03-2021 15:30,350,0
09-03-2021 15:30,350,0
09-03-2021 15:30,350,0
09-03-2021 15:30,350,0
09-03-2021 15:30,350,0
09-03-2021 15:30,350,0
09-03-2021 15:30,350,0
09-03-2021 15:30,350,0
09-03-2021 15:30,350,0
09-03-2021 15:30,350,0
09-03-2021 15:30,350,0
09-03-2021 15:30,350,0
09-03-2021 15:30,350,0
09-03-2021 15:31,350,0
09-03-2021 15:31,350,0
09-03-2021 15:31,350,0
09-03-2021 15:31,350,0
09-03-2021 15:31,350,0
09-03-2021 15:31,350,0
09-03-2021 15:31,350,0
09-03-2021 15:31,350,0
09-03-2021 15:31,350,0
09-03-2021 15:31,350,0
09-03-2021 15:31,350,0
09-03-2021 15:31,350,0
09-03-2021 15:31,350,0
09-03-2021 15:31,350,0
09-03-2021 15:31,350,0
09-03-2021 15:31,350,0
09-03-2021 15:31,350,0
09-03-2021 15:31,350,0
09-03-2021 15:31,350,0
09-03-2021 15:31,350,0
09-03-2021 15:31,350,0
09-03-2021 15:31,350,0
09-03-2021 15:31,350,0
09-03-2021 15:31,350,0
09-03-2021 15:31,350,0
09-03-2021 15:31,350,0
09-03-2021 15:31,350,0
09-03-2021 15:31,350,0
09-03-2021 15:31,350,0
09-03-2021 15:31,350,0
09-03-2021 15:32,350,0
09-03-2021 15:32,350,0
09-03-2021 15:32,350,0
09-03-2021 15:32,350,0
09-03-2021 15:32,350,0
09-03-2021 15:32,350,0
09-03-2021 15:32,350,0
09-03-2021 15:32,350,0
09-03-2021 15:32,350,0
09-03-2021 15:32,350,0
09-03-2021 15:32,350,0
09-03-2021 15:32,350,0
09-03-2021 15:32,350,0
